CustomerID,RetentionPotential
C12121,2
C12132,2
C12134,2
C12135,2
C12136,2
C12139,0
C12142,2
C12146,2
C12148,0
C12157,2
C12163,2
C12167,2
C12175,2
C12186,0
C12198,2
C12202,0
C12203,2
C12212,2
C12218,2
C12219,2
C12222,1
C12239,2
C12244,2
C12246,0
C12251,2
C12257,2
C12258,2
C12259,2
C12260,2
C12270,2
C12285,2
C12287,2
C12313,2
C12319,0
C12332,2
C12336,0
C12339,2
C12343,2
C12348,2
C12351,2
C12357,2
C12359,2
C12360,2
C12374,2
C12382,2
C12393,2
C12394,2
C12395,2
C12397,0
C12400,0
C12401,2
C12403,2
C12409,2
C12410,2
C12427,2
C12429,1
C12432,2
C12437,2
C12439,0
C12443,0
C12444,2
C12450,2
C12459,2
C12466,2
C12477,1
C12481,2
C12490,0
C12495,2
C12496,2
C12507,0
C12508,2
C12527,2
C12528,2
C12529,2
C12535,2
C12547,2
C12548,2
C12554,2
C12555,2
C12563,0
C12567,2
C12577,2
C12581,2
C12582,2
C12586,2
C12588,2
C12589,2
C12591,2
C12592,2
C12594,2
C12598,2
C12606,2
C12607,2
C12614,1
C12615,2
C12616,2
C12619,0
C12622,2
C12624,2
C12628,2
C12636,0
C12639,2
C12643,2
C12655,2
C12656,2
C12658,2
C12659,1
C12661,2
C12663,2
C12673,0
C12678,2
C12681,1
C12683,2
C12696,2
C12697,2
C12699,2
C12700,2
C12706,1
C12711,2
C12713,2
C12716,2
C12725,2
C12736,2
C12747,0
C12748,1
C12749,0
C12764,2
C12768,2
C12783,2
C12784,2
C12791,2
C12792,2
C12798,2
C12806,2
C12809,2
C12811,2
C12817,2
C12819,2
C12821,2
C12822,2
C12832,2
C12833,2
C12839,2
C12859,2
C12860,2
C12868,2
C12879,2
C12881,2
C12882,2
C12890,0
C12892,2
C12899,0
C12901,2
C12903,2
C12909,2
C12911,2
C12914,2
C12917,2
C12921,0
C12939,2
C12949,2
C12950,2
C12954,2
C12955,2
C12957,2
C12958,0
C12962,2
C12967,2
C12977,2
C12984,2
C12987,2
C12996,0
C13004,2
C13006,0
C13010,2
C13025,2
C13038,2
C13039,2
C13042,2
C13051,2
C13054,0
C13055,2
C13067,2
C13070,2
C13071,2
C13072,2
C13073,0
C13078,2
C13089,2
C13092,2
C13094,2
C13096,2
C13100,2
C13102,2
C13103,2
C13108,1
C13113,2
C13116,2
C13124,2
C13135,2
C13140,2
C13143,2
C13144,2
C13146,2
C13148,2
C13150,2
C13156,2
C13159,2
C13160,0
C13164,2
C13166,2
C13174,2
C13192,0
C13193,2
C13196,2
C13199,2
C13200,2
C13203,2
C13205,0
C13208,2
C13217,2
C13219,2
C13222,2
C13223,2
C13236,2
C13255,0
C13259,2
C13266,2
C13271,2
C13272,2
C13277,0
C13283,2
C13289,2
C13290,1
C13292,2
C13295,2
C13298,2
C13302,2
C13305,1
C13309,2
C13313,2
C13314,0
C13320,2
C13323,2
C13324,2
C13328,2
C13356,2
C13362,2
C13366,2
C13373,0
C13374,2
C13375,2
C13377,2
C13379,2
C13389,2
C13391,2
C13393,2
C13397,0
C13405,2
C13406,0
C13413,2
C13418,2
C13419,2
C13421,2
C13423,2
C13428,2
C13437,0
C13448,2
C13449,2
C13457,2
C13462,2
C13463,2
C13480,0
C13483,2
C13485,0
C13495,2
C13500,2
C13506,2
C13507,2
C13508,2
C13509,2
C13510,2
C13513,2
C13521,2
C13523,2
C13524,2
C13526,2
C13529,2
C13532,2
C13533,2
C13540,2
C13546,0
C13550,2
C13561,2
C13562,2
C13568,2
C13575,2
C13586,2
C13591,2
C13597,0
C13603,2
C13604,2
C13613,2
C13614,2
C13616,0
C13617,2
C13619,2
C13620,2
C13623,2
C13624,0
C13625,2
C13632,2
C13635,2
C13636,2
C13639,2
C13642,2
C13645,2
C13652,2
C13658,2
C13659,2
C13660,2
C13670,0
C13672,1
C13679,2
C13680,2
C13682,2
C13683,2
C13688,2
C13692,2
C13702,2
C13716,2
C13723,2
C13726,2
C13727,2
C13736,2
C13751,2
C13754,2
C13756,2
C13761,2
C13771,2
C13774,2
C13776,0
C13789,0
C13790,2
C13798,2
C13800,2
C13813,0
C13820,2
C13822,2
C13826,2
C13832,2
C13839,0
C13845,2
C13854,2
C13855,2
C13860,2
C13878,1
C13896,2
C13899,2
C13904,0
C13907,2
C13920,2
C13930,2
C13943,2
C13957,2
C13959,0
C13965,2
C13967,2
C13968,2
C13969,0
C13973,2
C13975,2
C13976,2
C13977,0
C13983,2
C13987,2
C13990,2
C13996,2
C13997,2
C14006,2
C14007,2
C14009,2
C14012,2
C14013,2
C14014,2
C14021,0
C14025,2
C14026,2
C14036,2
C14037,2
C14044,2
C14052,2
C14054,2
C14056,2
C14064,2
C14071,0
C14085,2
C14087,0
C14088,1
C14090,2
C14095,2
C14097,2
C14098,0
C14101,2
C14107,2
C14114,2
C14119,2
C14128,2
C14135,2
C14140,2
C14143,2
C14145,0
C14146,2
C14147,1
C14153,2
C14156,2
C14169,2
C14175,1
C14182,2
C14184,2
C14189,2
C14194,2
C14195,2
C14196,2
C14198,2
C14201,2
C14204,2
C14206,2
C14209,2
C14210,2
C14212,0
C14215,0
C14220,0
C14226,2
C14227,0
C14231,2
C14240,2
C14250,2
C14272,2
C14280,2
C14288,2
C14300,2
C14302,2
C14310,2
C14311,0
C14316,2
C14317,2
C14324,2
C14329,2
C14330,2
C14333,2
C14335,0
C14336,2
C14339,2
C14340,2
C14345,2
C14352,2
C14356,0
C14357,2
C14361,2
C14371,2
C14376,2
C14379,2
C14385,2
C14386,2
C14396,2
C14399,2
C14402,0
C14410,2
C14416,2
C14417,1
C14425,2
C14427,2
C14436,2
C14438,2
C14440,2
C14444,2
C14447,0
C14453,0
C14470,2
C14472,2
C14480,2
C14488,2
C14492,2
C14494,2
C14497,2
C14499,0
C14506,2
C14508,2
C14516,0
C14518,0
C14522,0
C14530,2
C14531,2
C14532,2
C14534,2
C14536,2
C14539,0
C14541,0
C14552,2
C14554,0
C14559,2
C14565,2
C14567,2
C14570,0
C14573,2
C14574,1
C14577,2
C14582,0
C14583,2
C14591,2
C14598,0
C14599,2
C14602,2
C14612,2
C14613,2
C14614,2
C14623,0
C14630,2
C14633,2
C14634,2
C14642,2
C14645,2
C14646,2
C14650,2
C14652,2
C14667,2
C14686,2
C14695,1
C14699,2
C14717,2
C14722,2
C14725,0
C14738,2
C14740,2
C14742,2
C14747,0
C14760,2
C14762,0
C14764,2
C14771,2
C14773,2
C14776,2
C14779,2
C14787,2
C14788,2
C14793,2
C14796,0
C14799,2
C14800,0
C14801,0
C14806,2
C14810,2
C14811,0
C14820,2
C14825,0
C14829,2
C14835,0
C14843,2
C14849,2
C14850,2
C14854,2
C14858,2
C14862,2
C14873,2
C14875,2
C14877,2
C14882,2
C14885,0
C14886,2
C14917,2
C14929,2
C14933,2
C14949,2
C14953,2
C14955,2
C14982,0
C14985,2
C14990,2
C14995,2
C14997,2
C15003,2
C15008,0
C15016,0
C15019,2
C15023,2
C15032,2
C15033,2
C15035,2
C15044,0
C15051,0
C15057,0
C15060,2
C15069,2
C15074,2
C15078,2
C15084,2
C15085,2
C15087,2
C15102,2
C15108,2
C15110,2
C15116,0
C15119,2
C15122,2
C15123,2
C15127,2
C15139,2
C15140,2
C15147,2
C15150,2
C15151,2
C15157,0
C15161,2
C15163,2
C15181,2
C15183,2
C15192,2
C15194,2
C15196,2
C15219,2
C15226,0
C15233,2
C15240,2
C15242,2
C15251,2
C15259,2
C15264,2
C15266,2
C15270,0
C15275,0
C15276,2
C15280,0
C15281,2
C15282,2
C15284,2
C15285,0
C15288,2
C15296,2
C15300,0
C15301,2
C15308,2
C15322,2
C15327,2
C15331,2
C15332,0
C15335,2
C15339,2
C15342,2
C15346,2
C15352,2
C15358,2
C15361,2
C15381,2
C15382,2
C15394,0
C15397,2
C15398,0
C15406,2
C15409,2
C15415,1
C15416,2
C15417,2
C15418,0
C15424,2
C15426,0
C15433,2
C15434,2
C15440,2
C15445,2
C15450,2
C15453,2
C15454,2
C15457,2
C15461,2
C15465,2
C15473,2
C15480,2
C15483,2
C15484,2
C15487,2
C15491,2
C15492,1
C15495,2
C15499,1
C15500,2
C15514,2
C15518,2
C15520,2
C15525,2
C15527,1
C15530,2
C15541,2
C15546,2
C15549,2
C15552,0
C15557,2
C15558,2
C15565,2
C15566,2
C15568,0
C15576,2
C15580,0
C15586,2
C15599,2
C15603,2
C15607,2
C15614,2
C15619,2
C15624,2
C15626,0
C15629,2
C15631,2
C15634,2
C15636,2
C15640,2
C15646,2
C15648,2
C15654,2
C15659,2
C15663,2
C15664,2
C15668,2
C15669,2
C15673,2
C15678,2
C15685,0
C15686,2
C15692,0
C15694,2
C15696,2
C15712,2
C15714,2
C15715,2
C15719,2
C15724,2
C15727,0
C15728,2
C15735,2
C15744,2
C15747,2
C15760,2
C15764,2
C15767,2
C15772,1
C15779,2
C15781,2
C15782,2
C15793,2
C15796,2
C15808,2
C15809,2
C15813,2
C15817,2
C15818,2
C15843,2
C15849,2
C15854,2
C15858,2
C15860,2
C15877,0
C15882,0
C15883,2
C15890,2
C15897,2
C15901,2
C15904,2
C15922,2
C15925,2
C15926,2
C15933,2
C15935,2
C15936,2
C15940,2
C15942,2
C15948,0
C15949,2
C15952,2
C15954,2
C15958,2
C15966,2
C15970,2
C15979,1
C15982,2
C15986,2
C15987,2
C16002,1
C16004,2
C16027,2
C16030,2
C16051,0
C16053,2
C16060,0
C16063,0
C16068,0
C16069,2
C16071,0
C16074,0
C16087,2
C16088,2
C16090,2
C16095,0
C16097,0
C16101,2
C16107,2
C16116,2
C16117,2
C16124,2
C16127,2
C16133,2
C16137,2
C16142,2
C16147,2
C16148,2
C16150,2
C16154,0
C16163,2
C16164,2
C16168,2
C16175,2
C16176,2
C16183,0
C16188,2
C16189,0
C16191,2
C16193,2
C16194,2
C16199,2
C16208,1
C16211,2
C16218,2
C16224,2
C16226,0
C16227,0
C16228,2
C16233,2
C16238,2
C16244,2
C16251,2
C16253,1
C16256,2
C16258,2
C16266,0
C16287,2
C16289,2
C16292,2
C16296,0
C16299,2
C16305,2
C16307,0
C16317,1
C16325,0
C16326,2
C16333,2
C16334,0
C16342,2
C16351,2
C16353,2
C16354,2
C16359,2
C16361,2
C16365,2
C16373,2
C16375,2
C16376,2
C16381,2
C16387,2
C16391,2
C16392,2
C16395,2
C16397,2
C16398,2
C16400,2
C16403,1
C16406,2
C16408,2
C16410,2
C16411,1
C16417,2
C16427,1
C16428,2
C16430,2
C16433,2
C16448,2
C16451,2
C16455,2
C16459,2
C16465,2
C16466,0
C16468,2
C16469,2
C16471,2
C16472,2
C16475,2
C16487,2
C16491,2
C16496,0
C16505,2
C16519,2
C16528,2
C16532,2
C16538,2
C16548,2
C16552,2
C16556,2
C16560,0
C16562,2
C16567,2
C16568,2
C16574,2
C16575,2
C16579,2
C16581,1
C16586,2
C16587,2
C16589,2
C16593,2
C16619,2
C16652,0
C16657,1
C16660,2
C16662,2
C16671,2
C16674,2
C16680,2
C16681,0
C16694,0
C16699,2
C16704,2
C16710,2
C16714,1
C16716,2
C16724,2
C16726,2
C16737,2
C16744,2
C16749,2
C16762,2
C16764,2
C16773,2
C16779,2
C16782,2
C16795,2
C16796,2
C16804,2
C16806,0
C16809,2
C16815,2
C16822,2
C16825,2
C16826,2
C16827,2
C16838,0
C16840,2
C16843,2
C16844,2
C16845,2
C16848,0
C16852,2
C16853,0
C16859,2
C16864,2
C16867,1
C16871,2
C16873,2
C16877,0
C16878,2
C16885,1
C16889,2
C16897,2
C16907,2
C16912,2
C16914,1
C16915,2
C16917,2
C16923,2
C16924,2
C16930,2
C16936,2
C16937,2
C16939,2
C16940,2
C16946,2
C16949,2
C16955,2
C16959,0
C16960,0
C16961,2
C16963,2
C16967,2
C16970,2
C16971,0
C16975,2
C16977,2
C16979,2
C16983,2
C16991,2
C16995,2
C17012,2
C17022,0
C17031,2
C17037,2
C17042,2
C17045,2
C17050,0
C17054,2
C17063,2
C17064,2
C17065,2
C17071,2
C17072,2
C17084,0
C17089,2
C17091,2
C17094,0
C17101,2
C17104,0
C17106,2
C17108,2
C17117,2
C17122,0
C17124,2
C17128,2
C17140,2
C17141,2
C17148,2
C17151,2
C17153,0
C17155,2
C17159,1
C17168,1
C17187,2
C17191,2
C17199,2
C17209,2
C17234,2
C17238,2
C17257,2
C17263,2
C17268,2
C17272,2
C17281,0
C17288,2
C17298,2
C17299,2
C17300,2
C17305,2
C17332,2
C17342,0
C17353,2
C17355,2
C17359,2
C17363,2
C17382,2
C17394,2
C17399,2
C17403,2
C17408,0
C17421,2
C17423,2
C17424,2
C17428,2
C17433,2
C17457,2
C17463,0
C17473,2
C17477,2
C17481,2
C17486,2
C17491,2
C17492,2
C17493,2
C17498,2
C17499,2
C17501,2
C17505,2
C17509,1
C17510,2
C17513,2
C17515,2
C17517,2
C17533,2
C17537,2
C17538,2
C17539,2
C17541,2
C17547,0
C17549,2
C17550,0
C17556,0
C17557,2
C17563,2
C17565,2
C17573,2
C17574,2
C17578,1
C17586,2
C17587,1
C17589,2
C17591,2
C17597,2
C17614,2
C17619,2
C17631,0
C17633,2
C17646,2
C17650,0
C17664,2
C17680,2
C17682,2
C17686,2
C17691,0
C17702,2
C17704,2
C17706,2
C17712,0
C17716,2
C17718,0
C17719,2
C17722,2
C17728,2
C17732,2
C17733,2
C17737,2
C17740,0
C17743,2
C17746,2
C17747,2
C17749,2
C17759,0
C17761,2
C17763,0
C17764,2
C17770,2
C17776,2
C17782,2
C17784,0
C17785,0
C17790,2
C17798,2
C17802,2
C17807,2
C17812,1
C17837,2
C17838,0
C17848,2
C17850,2
C17855,2
C17856,2
C17857,0
C17861,2
C17874,2
C17882,2
C17883,2
C17889,2
C17896,2
C17900,2
C17905,0
C17906,0
C17910,2
C17926,0
C17932,2
C17935,2
C17948,2
C17953,2
C17954,0
C17956,2
C17959,2
C17963,2
C17965,1
C17969,0
C17970,2
C17976,2
C17977,0
C17989,2
C17992,2
C17997,2
C18000,2
C18002,2
C18004,2
C18006,2
C18007,2
C18031,2
C18037,0
C18042,2
C18049,2
C18064,2
C18072,2
C18077,0
C18081,2
C18082,2
C18083,2
C18086,0
C18092,0
C18108,0
C18118,2
C18122,2
C18125,2
C18129,2
C18132,2
C18136,2
C18142,2
C18156,2
C18163,2
C18166,2
C18167,0
C18170,2
C18188,2
C18199,2
C18200,2
C18215,2
C18225,2
C18234,2
C18239,0
C18242,2
C18243,2
C18249,0
C18251,2
C18254,0
C18258,2
C18262,2
C18263,2
C18267,0
C18269,2
C18271,2
C18311,0
C18314,2
C18316,2
C18322,2
C18325,2
C18327,2
C18328,0
C18329,2
C18334,2
C18337,1
C18341,2
C18342,2
C18344,2
C18350,2
C18353,0
C18371,2
C18372,2
C18380,0
C18385,0
C18390,0
C18398,2
C18399,2
C18400,2
C18405,2
C18408,2
C18413,1
C18416,2
C18420,2
C18423,2
C18428,2
C18436,0
C18437,2
C18446,2
C18450,2
C18452,2
C18456,0
C18464,1
C18471,2
C18479,2
C18491,2
C18495,2
C18500,2
C18501,2
C18508,2
C18509,2
C18514,2
C18518,2
C18520,2
C18521,2
C18522,2
C18523,2
C18529,2
C18533,2
C18539,2
C18548,2
C18550,2
C18551,2
C18558,2
C18559,0
C18562,2
C18566,2
C18573,2
C18579,2
C18580,2
C18584,0
C18586,2
C18593,2
C18594,2
C18607,1
C18609,2
C18610,2
C18621,2
C18626,2
C18635,2
C18644,0
C18655,2
C18658,2
C18659,2
C18666,2
C18667,2
C18671,0
C18672,2
C18674,2
C18676,0
C18680,1
C18689,2
C18696,2
C18698,2
C18704,2
C18706,2
C18707,2
C18712,2
C18714,2
C18724,2
C18727,2
C18729,2
C18738,0
C18744,2
C18748,2
C18751,2
C18753,2
C18762,1
C18768,2
C18770,2
C18778,2
C18785,2
C18786,2
C18791,2
C18797,2
C18800,0
C18801,2
C18805,2
C18809,2
C18813,2
C18819,1
C18820,2
C18825,2
C18827,2
C18829,2
C18835,2
C18845,2
C18857,2
C18859,2
C18862,2
C18865,2
C18873,2
C18874,2
C18877,2
C18879,2
C18886,2
C18887,2
C18897,2
C18906,2
C18910,2
C18920,2
C18922,2
C18928,0
C18934,0
C18938,0
C18939,2
C18944,2
C18945,2
C18946,1
C18949,2
C18953,2
C18956,2
C18957,0
C18959,2
C18960,2
C18961,2
C18968,0
C18979,2
C18982,2
C18984,2
C18987,2
C18990,1
C19001,2
C19008,2
C19012,2
C19014,0
C19019,2
C19029,2
C19036,2
C19041,2
C19042,2
C19043,0
C19053,2
C19054,2
C19057,2
C19069,2
C19072,2
C19073,0
C19074,2
C19076,2
C19078,2
C19079,0
C19083,2
C19088,2
C19090,2
C19091,2
C19096,2
C19100,0
C19113,2
C19115,2
C19118,2
C19121,2
C19128,2
C19132,0
C19143,2
C19145,2
C19156,2
C19159,0
C19162,0
C19173,0
C19185,2
C19187,2
C19195,2
C19197,2
C19217,1
C19220,2
C19225,2
C19227,0
C19231,2
C19232,2
C19236,2
C19244,2
C19260,2
C19263,2
C19275,2
C19291,2
C19292,2
C19295,2
C19296,2
C19298,0
C19300,2
C19301,2
C19305,2
C19312,2
C19315,2
C19322,2
C19327,2
C19332,2
C19333,2
C19339,0
C19340,2
C19342,2
C19347,2
C19348,2
C19360,0
C19366,0
C19367,2
C19379,2
C19382,2
C19383,2
C19386,2
C19398,0
C19402,2
C19408,2
C19413,2
C19416,0
C19420,2
C19421,2
C19427,2
C19430,2
C19433,2
C19434,2
C19439,2
C19443,2
C19454,2
C19455,2
C19457,2
C19466,2
C19469,2
C19470,2
C19472,2
C19478,0
C19481,2
C19486,0
C19492,2
C19512,0
C19514,2
C19517,2
C19523,2
C19525,2
C19529,0
C19545,0
C19547,2
C19551,2
C19568,2
C19573,0
C19578,2
C19580,2
C19587,2
C19592,2
C19598,2
C19600,2
C19601,0
C19602,2
C19607,0
C19608,2
C19609,2
C19610,2
C19615,0
C19616,2
C19620,2
C19630,2
C19633,2
C19636,2
C19642,2
C19645,2
C19659,2
C19663,2
C19664,2
C19666,2
C19669,2
C19672,2
C19673,2
C19677,2
C19678,0
C19689,2
C19691,2
C19692,2
C19697,2
C19708,0
C19717,2
C19719,2
C19724,2
C19726,2
C19739,2
C19740,2
C19746,2
C19750,2
C19752,2
C19759,2
C19763,2
C19765,2
C19784,2
C19790,2
C19791,2
C19794,2
C19796,2
C19799,2
C19812,0
C19816,2
C19817,1
C19819,2
C19822,0
C19823,2
C19827,2
C19833,2
C19834,1
C19853,2
C19857,0
C19862,2
C19874,2
C19877,2
C19882,0
C19886,2
C19895,2
C19902,2
C19903,2
C19905,2
C19907,2
C19910,2
C19912,2
C19916,2
C19917,2
C19918,2
C19920,2
C19926,0
C19927,2
C19941,0
C19945,2
C19951,2
C19957,0
C19960,2
C19963,0
C19966,0
C19981,2
C19986,2
C19990,2
C19991,0
C19999,2
C20005,2
C20006,0
C20015,2
C20016,0
C20022,2
C20023,2
C20034,0
C20048,2
C20056,2
C20060,2
C20066,0
C20070,2
C20071,2
C20074,2
C20078,2
C20081,2
C20083,2
C20095,2
C20096,2
C20097,2
C20106,1
C20122,0
C20125,2
C20132,2
C20133,2
C20138,2
C20143,2
C20150,2
C20152,2
C20159,2
C20167,2
C20169,0
C20180,2
C20182,2
C20183,2
C20184,2
C20193,2
C20207,2
C20209,2
C20223,2
C20224,2
C20233,2
C20234,2
C20242,2
C20266,2
C20276,0
C20279,2
C20282,0
C20286,1
C20292,2
C20293,2
C20294,2
C20297,2
C20299,2
C20300,2
C20301,2
C20306,0
C20312,2
C20323,2
C20329,2
C20339,2
C20340,2
C20341,2
C20342,2
C20348,2
C20351,0
C20355,2
C20356,2
C20358,2
C20369,2
C20370,2
C20385,2
C20389,2
C20390,2
C20399,2
C20404,0
C20407,2
C20410,2
C20413,2
C20416,2
C20418,2
C20419,2
C20423,2
C20426,0
C20429,2
C20439,2
C20440,2
C20442,2
C20444,2
C20450,2
C20451,2
C20453,2
C20456,2
C20459,2
C20461,2
C20463,2
C20466,2
C20470,2
C20481,2
C20494,2
C20498,2
C20504,2
C20507,2
C20508,2
C20511,0
C20522,2
C20526,0
C20538,1
C20539,0
C20541,2
C20545,2
C20546,2
C20547,2
C20553,1
C20555,2
C20567,2
C20570,2
C20571,2
C20577,2
C20585,2
C20591,2
C20599,0
C20600,2
C20606,2
C20608,2
C20609,2
C20611,2
C20613,2
C20624,2
C20625,2
C20627,2
C20635,2
C20639,2
C20650,0
C20654,0
C20656,2
C20662,2
C20665,2
C20669,2
C20672,2
C20676,2
C20680,2
C20694,2
C20697,2
C20713,2
C20715,2
C20716,2
C20722,2
C20726,2
C20730,1
C20733,2
C20743,2
C20755,0
C20757,2
C20765,0
C20773,0
C20783,0
C20804,2
C20805,2
C20810,0
C20811,2
C20812,2
C20815,2
C20820,2
C20827,2
C20835,0
C20837,2
C20841,2
C20849,2
C20850,0
C20852,0
C20864,2
C20867,2
C20874,2
C20880,2
C20881,2
C20883,2
C20890,2
C20895,2
C20899,2
C20900,2
C20919,2
C20923,2
C20925,2
C20927,0
C20937,2
C20945,2
C20950,2
C20953,0
C20958,0
C20961,2
C20963,2
C20967,0
C20969,0
C20971,2
C20976,2
C20979,0
C20991,2
C21000,2
C21001,0
C21002,0
C21003,2
C21013,0
C21014,2
C21018,2
C21020,0
C21026,2
C21031,0
C21032,2
C21033,2
C21044,2
C21046,2
C21048,2
C21061,2
C21066,2
C21073,0
C21089,2
C21092,2
C21094,2
C21098,2
C21099,2
C21101,2
C21103,2
C21104,2
C21114,2
C21129,0
C21134,2
C21135,2
C21139,2
C21142,0
C21147,0
C21149,2
C21157,2
C21158,0
C21159,0
C21176,2
C21182,2
C21184,2
C21187,2
C21197,2
C21199,2
C21202,2
C21203,2
C21205,2
C21206,0
C21210,2
C21212,2
C21214,2
C21216,0
C21221,2
C21223,2
C21226,2
C21233,2
C21235,2
C21238,2
C21240,2
C21245,2
C21247,2
C21255,2
C21256,2
C21258,0
C21259,0
C21261,2
C21266,2
C21267,2
C21278,2
C21279,2
C21285,2
C21286,2
C21297,2
C21300,2
C21301,2
C21305,1
C21313,2
C21320,0
C21330,1
C21333,2
C21336,2
C21337,2
C21339,2
C21343,2
C21350,2
C21354,2
C21357,2
C21359,0
C21368,2
C21369,0
C21375,2
C21379,2
C21381,2
C21382,2
C21384,2
C21389,0
C21391,2
C21400,2
C21403,2
C21408,2
C21416,2
C21422,2
C21426,2
C21442,2
C21457,2
C21458,2
C21464,2
C21474,0
C21476,0
C21477,2
C21479,2
C21483,2
C21485,0
C21488,2
C21491,0
C21494,2
C21497,2
C21499,2
C21509,2
C21521,2
C21532,2
C21535,2
C21537,2
C21538,2
C21546,2
C21550,1
C21559,2
C21560,2
C21564,2
C21565,0
C21572,2
C21575,2
C21579,2
C21580,0
C21593,2
C21611,2
C21624,2
C21645,2
C21647,2
C21657,2
C21662,0
C21663,2
C21665,2
C21668,2
C21672,2
C21687,2
C21688,0
C21694,2
C21699,2
C21702,2
C21712,2
C21713,2
C21719,2
C21722,2
C21727,0
C21730,2
C21731,1
C21733,0
C21737,0
C21743,2
C21749,0
C21762,2
C21763,0
C21775,0
C21777,2
C21781,2
C21782,2
C21789,2
C21791,2
C21801,2
C21802,2
C21806,2
C21810,0
C21822,2
C21823,2
C21829,0
C21831,2
C21832,0
C21844,2
C21850,2
C21851,2
C21860,2
C21863,0
C21865,2
C21866,2
C21869,2
C21870,2
C21871,2
C21873,2
C21889,1
C21902,0
C21904,2
C21908,2
C21909,2
C21911,2
C21918,2
C21922,2
C21924,2
C21926,2
C21931,2
C21937,2
C21939,2
C21941,2
C21942,2
C21947,2
C21948,0
C21950,2
C21952,2
C21958,0
C21966,2
C21970,2
C21975,2
C21979,0
C21989,0
C21994,2
C21998,2
C22011,2
C22012,2
C22019,2
C22023,2
C22026,2
C22028,1
C22029,2
C22032,2
C22034,2
C22042,2
C22044,2
C22047,0
C22052,2
C22055,2
C22059,2
C22074,2
C22076,2
C22090,0
C22093,2
C22094,2
C22095,2
C22106,2
C22113,2
C22115,2
C22116,2
C22117,2
C22118,0
C22119,2
C22125,0
C22128,2
C22130,2
C22139,0
C22140,0
C22147,2
C22150,0
C22164,2
C22168,2
C22172,2
C22182,2
C22184,0
C22185,2
C22186,0
C22193,2
C22198,0
C22199,2
C22203,2
C22217,2
C22230,2
C22234,2
C22241,2
C22253,2
C22255,2
C22262,2
C22265,2
C22272,2
C22282,2
C22291,2
C22294,2
C22299,2
C22301,0
C22302,2
C22305,0
C22307,2
C22312,2
C22313,2
C22318,2
C22320,2
C22322,2
C22333,2
C22339,0
C22340,2
C22345,2
C22346,2
C22348,2
C22351,0
C22353,2
C22354,0
C22373,2
C22378,2
C22383,2
C22388,2
C22400,2
C22407,2
C22412,2
C22416,2
C22423,2
C22435,2
C22443,0
C22444,2
C22451,2
C22454,2
C22457,2
C22460,2
C22465,2
C22466,2
C22467,2
C22475,2
C22476,2
C22481,0
C22488,0
C22498,1
C22505,2
C22509,2
C22513,2
C22515,2
C22525,2
C22535,2
C22538,2
C22540,2
C22549,2
C22550,2
C22554,2
C22556,2
C22561,2
C22563,2
C22564,2
C22566,0
C22580,2
C22581,2
C22586,2
C22589,2
C22594,0
C22596,2
C22599,2
C22614,2
C22618,2
C22625,2
C22630,2
C22648,2
C22653,2
C22654,2
C22659,2
C22665,2
C22668,2
C22670,2
C22672,2
C22678,2
C22690,2
C22694,1
C22699,2
C22701,2
C22705,2
C22709,2
C22723,0
C22731,2
C22739,2
C22751,2
C22754,2
C22761,2
C22770,0
C22777,2
C22791,0
C22793,2
C22794,2
C22796,2
C22806,2
C22808,2
C22820,2
C22822,2
C22824,2
C22829,2
C22831,0
C22833,0
C22834,1
C22838,0
C22842,2
C22844,2
C22848,0
C22851,2
C22857,0
C22861,2
C22883,2
C22894,2
C22896,2
C22900,2
C22901,2
C22902,2
C22903,2
C22907,2
C22913,2
C22914,2
C22916,2
C22937,2
C22946,2
C22949,2
C22958,0
C22965,2
C22969,2
C22970,0
C22975,0
C22996,2
C23001,0
C23012,0
C23013,2
C23014,0
C23025,2
C23029,2
C23035,0
C23039,0
C23040,2
C23054,2
C23059,2
C23067,0
C23069,2
C23075,0
C23080,2
C23082,2
C23088,2
C23090,2
C23091,2
C23103,2
C23108,2
C23112,2
C23118,2
C23120,0
C23122,2
C23128,2
C23130,0
C23141,0
C23146,1
C23160,2
C23165,2
C23168,0
C23176,0
C23180,2
C23188,2
C23192,2
C23198,2
C23199,2
C23210,0
C23218,2
C23220,2
C23225,2
C23227,2
C23231,2
C23232,2
C23236,2
C23238,0
C23239,2
C23250,2
C23259,2
C23270,1
C23274,2
C23275,2
C23276,2
C23284,0
C23292,2
C23304,2
C23307,2
C23311,2
C23325,2
C23326,0
C23329,2
C23331,2
C23335,2
C23352,0
C23368,2
C23369,2
C23384,2
C23387,2
C23390,2
C23392,1
C23396,0
C23399,2
C23401,2
C23421,2
C23424,2
C23427,2
C23436,2
C23443,0
C23444,2
C23445,2
C23455,2
C23457,1
C23460,2
C23465,2
C23466,0
C23467,2
C23468,2
C23470,2
C23471,2
C23473,1
C23480,0
C23486,2
C23490,2
C23492,2
C23503,0
C23505,2
C23512,2
C23520,2
C23531,2
C23538,2
C23546,0
C23548,0
C23549,0
C23553,2
C23554,2
C23555,2
C23556,2
C23562,0
C23565,2
C23566,2
C23576,2
C23582,2
C23588,2
C23593,0
C23598,2
C23599,2
C23605,2
C23607,0
C23612,2
C23614,2
C23621,2
C23639,2
C23641,2
C23643,2
C23644,2
C23649,2
C23651,2
C23655,0
C23656,2
C23659,2
C23661,2
C23663,2
C23666,0
C23675,0
C23702,2
C23716,0
C23735,2
C23736,2
C23737,2
C23738,2
C23739,0
C23744,2
C23748,2
C23749,2
C23767,2
C23770,2
C23772,0
C23776,2
C23785,0
C23788,2
C23801,2
C23802,2
C23803,2
C23804,2
C23810,2
C23825,2
C23827,0
C23828,2
C23829,2
C23833,0
C23834,2
C23835,0
C23845,0
C23847,2
C23856,2
C23857,2
C23870,2
C23882,2
C23884,2
C23885,0
C23893,2
C23896,2
C23911,0
C23917,0
C23923,2
C23924,0
C23934,2
C23936,0
C23939,0
C23951,2
C23965,2
C23974,0
C23976,2
C23982,2
C23986,2
C23990,2
C23991,2
C23993,0
C24002,2
C24007,2
C24015,2
C24016,2
C24022,2
C24028,0
C24029,2
C24043,2
C24046,0
C24053,2
C24062,2
C24069,2
C24072,2
C24080,2
C24087,2
C24094,2
C24103,2
C24105,2
C24107,2
C24112,0
C24115,0
C24121,2
C24139,2
C24142,0
C24148,2
C24157,2
C24160,1
C24164,2
C24170,0
C24171,2
C24177,2
C24189,1
C24191,1
C24194,2
C24196,0
C24198,2
C24206,2
C24207,2
C24210,2
C24214,0
C24215,2
C24217,2
C24224,2
C24236,0
C24239,0
C24246,2
C24248,2
C24253,2
C24255,2
C24263,2
C24269,2
C24290,2
C24291,0
C24292,2
C24293,2
C24301,2
C24311,2
C24314,2
C24316,2
C24335,1
C24336,2
C24343,2
C24353,2
C24356,2
C24370,2
C24376,0
C24380,2
C24381,2
C24387,2
C24392,0
C24393,2
C24397,2
C24398,2
C24417,0
C24433,2
C24434,2
C24436,2
C24437,0
C24441,0
C24443,2
C24448,2
C24451,2
C24454,0
C24466,0
C24468,2
C24476,2
C24481,2
C24487,0
C24489,2
C24494,0
C24502,2
C24504,2
C24517,2
C24547,0
C24549,2
C24552,2
C24556,2
C24558,0
C24561,2
C24563,0
C24567,2
C24568,2
C24569,2
C24574,2
C24580,0
C24581,0
C24585,2
C24586,2
C24596,2
C24598,2
C24606,2
C24612,0
C24623,2
C24626,2
C24629,0
C24630,2
C24636,2
C24637,1
C24648,2
C24651,0
C24657,2
C24658,2
C24661,2
C24662,0
C24664,2
C24674,2
C24684,2
C24688,2
C24694,2
C24697,2
C24705,0
C24708,0
C24715,2
C24716,2
C24718,2
C24728,2
C24730,2
C24735,2
C24740,2
C24741,2
C24742,2
C24750,0
C24753,2
C24754,0
C24766,2
C24769,2
C24781,2
C24791,2
C24801,2
C24805,2
C24812,2
C24825,2
C24826,2
C24833,2
C24841,2
C24849,2
C24850,2
C24854,2
C24857,0
C24870,2
C24874,2
C24875,0
C24876,2
C24877,2
C24883,0
C24895,2
C24903,2
C24912,2
C24917,0
C24918,2
C24927,2
C24935,2
C24936,2
C24945,0
C24980,2
C24997,0
C25004,2
C25010,2
C25012,2
C25021,0
C25033,0
C25041,2
C25042,0
C25046,2
C25047,2
C25059,0
C25069,2
C25075,2
C25079,2
C25083,0
C25092,0
C25095,2
C25105,2
C25112,2
C25119,2
C25128,2
C25130,2
C25138,2
C25142,2
C25143,2
C25149,2
C25150,2
C25151,2
C25153,2
C25162,1
C25186,2
C25187,2
C25188,2
C25190,0
C25193,0
C25201,0
C25203,2
C25208,2
C25221,2
C25233,2
C25238,2
C25239,2
C25240,2
C25243,2
C25245,2
C25247,2
C25258,2
C25262,2
C25277,0
C25278,0
C25284,2
C25287,0
C25289,2
C25292,2
C25294,2
C25303,2
C25305,2
C25314,2
C25320,2
C25323,2
C25325,0
C25332,2
C25335,2
C25350,2
C25356,2
C25365,1
C25366,0
C25378,2
C25385,2
C25390,2
C25394,2
C25399,0
C25402,0
C25406,2
C25408,2
C25410,1
C25416,0
C25418,0
C25427,2
C25428,2
C25432,2
C25437,2
C25450,0
C25452,2
C25453,2
C25454,2
C25458,2
C25463,2
C25475,2
C25477,2
C25478,2
C25484,2
C25485,2
C25491,2
C25502,1
C25505,2
C25526,2
C25530,0
C25532,2
C25533,2
C25536,0
C25539,2
C25540,2
C25546,2
C25562,2
C25564,2
C25573,0
C25574,0
C25582,2
C25585,2
C25599,2
C25601,2
C25603,2
C25605,2
C25607,0
C25610,2
C25611,0
C25613,2
C25614,2
C25616,2
C25621,2
C25623,2
C25624,2
C25640,2
C25645,0
C25650,2
C25654,2
C25657,2
C25658,2
C25667,2
C25669,0
C25670,2
C25675,2
C25680,0
C25684,1
C25689,2
C25691,2
C25701,2
C25702,2
C25703,2
C25708,0
C25709,2
C25717,2
C25718,2
C25722,2
C25726,2
C25729,0
C25732,2
C25747,2
C25750,0
C25752,2
C25769,2
C25776,2
C25777,0
C25779,2
C25781,0
C25783,2
C25790,2
C25795,2
C25800,2
C25803,0
C25805,2
C25809,2
C25815,2
C25820,2
C25823,2
C25833,0
C25835,2
C25836,1
C25856,2
C25858,2
C25860,2
C25862,2
C25863,2
C25866,2
C25877,2
C25882,2
C25890,2
C25892,2
C25893,2
C25901,2
C25905,2
C25911,2
C25915,2
C25916,2
C25917,2
C25918,2
C25921,2
C25929,2
C25935,2
C25944,2
C25945,2
C25946,2
C25951,2
C25953,2
C25959,2
C25966,0
C25973,2
C25978,2
C25982,2
C26003,0
C26010,2
C26014,2
C26018,0
C26020,2
C26030,2
C26033,2
C26035,2
C26041,2
C26042,0
C26043,0
C26044,2
C26045,2
C26047,0
C26048,0
C26058,2
C26062,2
C26070,2
C26081,2
C26084,2
C26086,0
C26102,2
C26105,1
C26107,0
C26110,2
C26114,2
C26119,2
C26140,2
C26145,1
C26147,2
C26152,2
C26156,2
C26157,2
C26158,2
C26166,2
C26168,2
C26171,2
C26189,2
C26193,2
C26195,2
C26197,2
C26199,2
C26201,2
C26211,0
C26215,2
C26217,2
C26218,2
C26230,0
C26234,2
C26243,2
C26247,2
C26248,0
C26259,2
C26262,2
C26267,2
C26269,2
C26288,2
C26292,2
C26299,2
C26300,2
C26306,2
C26309,2
C26316,0
C26318,2
C26322,0
C26326,2
C26334,2
C26336,1
C26352,2
C26355,2
C26357,2
C26360,2
C26380,0
C26381,2
C26383,2
C26393,1
C26398,0
C26408,2
C26409,2
C26411,2
C26415,0
C26417,2
C26422,2
C26423,0
C26432,2
C26433,2
C26435,2
C26443,2
C26445,2
C26448,2
C26449,2
C26450,2
C26452,0
C26460,2
C26469,2
C26483,2
C26488,2
C26490,2
C26492,1
C26494,2
C26500,0
C26501,1
C26506,2
C26507,2
C26508,2
C26510,2
C26516,2
C26523,2
C26526,2
C26531,0
C26532,2
C26538,2
C26543,2
C26545,2
C26554,0
C26555,2
C26556,2
C26559,2
C26562,0
C26564,2
C26568,2
C26569,2
C26571,2
C26574,2
C26575,2
C26583,2
C26588,2
C26589,2
C26594,2
C26604,2
C26606,2
C26615,2
C26626,2
C26633,2
C26635,2
C26639,2
C26651,2
C26654,2
C26656,2
C26659,2
C26661,2
C26665,2
C26675,2
C26676,2
C26678,2
C26683,2
C26688,2
C26695,2
C26696,0
C26697,2
C26700,2
C26704,1
C26708,2
C26718,1
C26724,2
C26728,2
C26734,0
C26736,0
C26746,2
C26750,2
C26754,2
C26757,2
C26759,2
C26768,1
C26771,2
C26783,1
C26785,2
C26787,2
C26789,2
C26794,0
C26798,1
C26815,2
C26818,2
C26820,2
C26828,0
C26831,2
C26843,2
C26851,2
C26852,2
C26854,2
C26855,2
C26867,0
C26871,2
C26872,2
C26879,2
C26881,2
C26882,2
C26883,0
C26887,0
C26890,2
C26891,2
C26893,2
C26900,2
C26904,0
C26909,2
C26916,2
C26920,2
C26924,2
C26943,0
C26951,2
C26953,2
C26969,2
C26976,2
C26986,2
C26999,2
C27001,2
C27006,2
C27007,2
C27013,1
C27016,2
C27027,2
C27032,2
C27043,2
C27049,2
C27052,0
C27055,2
C27059,2
C27106,2
C27108,2
C27120,2
C27124,2
C27129,2
C27134,2
C27139,2
C27142,2
C27149,1
C27153,0
C27157,2
C27160,0
C27163,2
C27169,2
C27170,2
C27171,2
C27173,2
C27176,2
C27178,2
C27181,0
C27187,0
C27188,2
C27190,2
C27191,2
C27192,2
C27193,2
C27196,2
C27199,2
C27209,2
C27210,2
C27220,2
C27229,2
C27234,0
C27241,2
C27244,2
C27254,2
C27267,2
C27272,2
C27278,0
C27281,2
C27282,2
C27289,2
C27303,2
C27311,2
C27314,2
C27317,2
C27357,0
C27361,0
C27368,1
C27369,0
C27374,2
C27376,2
C27382,2
C27404,2
C27411,2
C27412,2
C27413,2
C27417,2
C27419,2
C27424,2
C27430,2
C27437,2
C27439,2
C27441,2
C27442,2
C27447,2
C27465,2
C27468,0
C27477,2
C27484,2
C27494,2
C27499,2
C27502,2
C27503,2
C27507,0
C27522,2
C27529,2
C27538,2
C27540,2
C27549,2
C27552,2
C27555,2
C27559,2
C27560,2
C27566,2
C27572,2
C27575,2
C27582,2
C27589,2
C27594,1
C27605,1
C27612,2
C27621,2
C27636,2
C27637,0
C27644,2
C27646,2
C27647,2
C27652,2
C27654,2
C27655,2
C27661,2
C27662,2
C27663,2
C27665,2
C27667,2
C27668,0
C27675,0
C27683,2
C27688,2
C27690,2
C27694,2
C27697,2
C27698,2
C27708,2
C27713,0
C27735,2
C27744,2
C27745,0
C27749,2
C27754,2
C27758,2
C27761,2
C27768,0
C27769,0
C27771,2
C27772,2
C27777,2
C27778,0
C27790,2
C27794,1
C27795,2
C27798,2
C27799,2
C27804,2
C27806,2
C27807,2
C27815,2
C27817,2
C27822,2
C27825,2
C27827,2
C27843,2
C27845,2
C27850,0
C27859,2
C27878,2
C27888,2
C27890,2
C27891,2
C27900,0
C27902,2
C27906,2
C27908,2
C27911,2
C27914,2
C27923,2
C27930,2
C27937,2
C27941,2
C27943,2
C27944,0
C27951,2
C27954,2
C27960,2
C27973,2
C27979,2
C27983,2
C27986,2
C27989,0
C27993,0
C27999,2
C28000,2
C28008,2
C28011,2
C28015,1
C28017,2
C28018,2
C28019,2
C28025,2
C28031,2
C28037,2
C28039,2
C28056,2
C28065,0
C28069,2
C28075,2
C28086,2
C28088,2
C28100,2
C28101,2
C28107,0
C28113,2
C28121,2
C28128,2
C28131,2
C28132,2
C28133,2
C28148,0
C28149,2
C28172,2
C28180,2
C28183,2
C28190,2
C28196,0
C28199,2
C28201,0
C28206,1
C28211,2
C28218,1
C28219,2
C28226,1
C28228,2
C28235,2
C28239,0
C28245,0
C28251,0
C28257,2
C28260,2
C28270,2
C28273,2
C28277,2
C28281,2
C28282,2
C28294,0
C28301,2
C28302,0
C28308,2
C28314,2
C28317,2
C28325,2
C28329,2
C28343,2
C28344,2
C28346,0
C28347,2
C28355,2
C28369,0
C28378,2
C28379,2
C28388,2
C28390,2
C28391,2
C28392,2
C28398,2
C28400,1
C28402,2
C28403,2
C28406,2
C28410,2
C28436,2
C28444,2
C28445,2
C28448,0
C28454,0
C28457,0
C28459,2
C28462,2
C28469,2
C28471,2
C28472,0
C28475,2
C28482,2
C28485,2
C28487,2
C28490,2
C28493,2
C28498,2
C28500,0
C28505,2
C28520,2
C28529,2
C28535,0
C28540,2
C28560,2
C28561,2
C28562,2
C28569,2
C28580,1
C28585,2
C28594,0
C28607,2
C28610,2
C28614,2
C28619,2
C28620,2
C28624,0
C28625,0
C28629,2
C28633,2
C28643,0
C28644,2
C28652,2
C28657,2
C28666,2
C28670,2
C28675,2
C28676,2
C28679,2
C28681,0
C28690,2
C28694,2
C28695,2
C28696,2
C28705,2
C28708,2
C28731,2
C28744,0
C28749,2
C28758,2
C28769,2
C28770,0
C28771,2
C28791,2
C28797,2
C28798,2
C28803,2
C28814,2
C28825,2
C28828,2
C28829,2
C28834,2
C28842,2
C28845,0
C28847,2
C28848,2
C28852,2
C28857,2
C28860,2
C28865,2
C28880,0
C28883,2
C28898,0
C28901,2
C28916,2
C28919,2
C28923,2
C28927,2
C28933,2
C28945,2
C28950,0
C28951,2
C28964,2
C28970,0
C28983,1
C28984,2
C28989,2
C28994,2
C28996,2
C28997,2
C28998,2
C29006,2
C29007,2
C29009,2
C29015,2
C29017,0
C29023,2
C29024,2
C29025,2
C29027,2
C29034,2
C29043,2
C29051,2
C29056,2
C29061,2
C29071,2
C29073,2
C29081,0
C29091,2
C29092,0
C29098,2
C29099,2
C29107,2
C29118,2
C29119,2
C29121,0
C29122,0
C29137,2
C29140,2
C29145,0
C29146,2
C29149,2
C29153,2
C29155,2
C29158,2
C29166,2
C29169,0
C29173,2
C29177,2
C29178,0
C29189,0
C29194,2
C29198,2
C29199,0
C29209,2
C29214,2
C29216,0
C29223,0
C29225,2
C29228,2
C29244,2
C29251,2
C29252,2
C29258,2
C29261,2
C29267,2
C29270,2
C29272,1
C29276,2
C29291,2
C29295,2
C29298,2
C29299,2
C29300,2
C29301,0
C29310,2
C29312,2
C29316,0
C29317,2
C29319,2
C29321,2
C29327,2
C29328,2
C29335,2
C29341,2
C29346,2
C29349,1
C29352,2
C29365,2
C29366,2
C29371,2
C29380,0
C29386,2
C29390,2
C29398,2
C29400,0
C29401,2
C29432,0
C29436,0
C29438,2
C29444,2
C29446,2
C29447,2
C29450,2
C29453,0
C29454,2
C29468,2
C29478,2
C29480,2
C29484,2
C29487,2
C29488,2
C29490,2
C29508,2
C29509,2
C29523,0
C29525,2
C29528,0
C29530,2
C29533,2
C29539,2
C29544,2
C29547,0
C29549,0
C29556,2
C29557,0
C29558,2
C29563,2
C29567,1
C29576,0
C29579,2
C29584,2
C29589,2
C29594,2
C29601,2
C29604,2
C29608,2
C29614,0
C29615,0
C29616,2
C29623,2
C29627,2
C29630,2
C29637,0
C29638,1
C29639,2
C29643,0
C29646,2
C29655,2
C29657,2
C29658,2
C29663,0
C29664,2
C29679,2
C29684,2
C29686,2
C29693,2
C29696,2
C29697,2
C29709,2
C29719,2
C29721,2
C29731,2
C29735,2
C29737,2
C29740,0
C29745,2
C29750,0
C29756,2
C29758,2
C29768,1
C29771,2
C29778,0
C29780,2
C29782,2
C29786,2
C29790,2
C29796,1
C29797,2
C29808,2
C29818,2
C29821,2
C29823,2
C29832,1
C29833,2
C29840,2
C29850,2
C29855,2
C29858,2
C29864,2
C29871,0
C29872,2
C29873,2
C29887,2
C29888,2
C29894,0
C29898,2
C29903,2
C29907,2
C29908,2
C29912,2
C29915,1
C29925,2
C29927,2
C29928,2
C29935,2
C29949,2
C29950,2
C29952,2
C29953,1
C29957,2
C29967,0
C29968,2
C29972,2
C29984,2
C29989,0
C29995,0
C29996,2
C29998,2
C30009,2
C30011,1
C30016,2
C30020,2
C30024,2
C30025,2
C30027,0
C30029,2
C30040,2
C30049,2
C30050,2
C30057,2
C30064,2
C30071,2
C30083,2
C30088,0
C30090,2
C30096,2
C30099,1
C30109,2
C30112,2
C30116,2
C30123,0
C30131,2
C30142,2
C30152,0
C30158,2
C30164,2
C30166,2
C30169,2
C30174,2
C30183,2
C30189,2
C30190,2
C30197,2
C30200,1
C30205,2
C30216,2
C30217,2
C30220,2
C30225,1
C30231,2
C30235,2
C30247,2
C30252,2
C30253,2
C30254,0
C30255,2
C30261,2
C30262,0
C30263,2
C30264,2
C30268,2
C30272,0
C30273,2
C30274,2
C30275,2
C30278,2
C30283,2
C30290,2
C30291,2
C30309,2
C30310,2
C30314,2
C30317,2
C30322,2
C30327,2
C30332,2
C30349,2
C30352,2
C30360,2
C30361,2
C30362,2
C30374,2
C30378,0
C30388,2
C30394,0
C30402,2
C30409,2
C30415,2
C30416,0
C30417,2
C30430,2
C30432,2
C30435,2
C30437,2
C30445,1
C30448,0
C30461,2
C30464,0
C30465,2
C30466,2
C30469,2
C30476,2
C30483,2
C30488,2
C30500,2
C30501,0
C30505,2
C30511,0
C30512,2
C30514,1
C30515,2
C30529,2
C30536,2
C30543,2
C30544,2
C30545,2
C30546,0
C30551,2
C30553,2
C30557,2
C30561,0
C30564,2
C30567,2
C30571,2
C30582,1
C30588,2
C30591,2
C30595,0
C30598,2
C30605,0
C30608,2
C30609,2
C30618,2
C30620,0
C30624,2
C30637,0
C30638,2
C30650,2
C30661,2
C30663,2
C30672,0
C30679,2
C30699,2
C30709,2
C30710,2
C30712,2
C30714,2
C30716,2
C30719,2
C30728,2
C30731,2
C30732,0
C30738,2
C30742,0
C30744,2
C30762,2
C30765,2
C30768,0
C30773,2
C30775,2
C30790,2
C30791,2
C30794,2
C30800,2
C30805,0
C30806,2
C30820,0
C30824,2
C30827,2
C30835,2
C30839,2
C30845,2
C30846,0
C30850,2
C30859,2
C30867,0
C30872,2
C30874,2
C30878,2
C30880,2
C30882,0
C30883,2
C30885,0
C30886,2
C30889,0
C30893,2
C30895,2
C30902,2
C30907,2
C30908,2
C30919,2
C30924,2
C30925,2
C30927,2
C30929,2
C30930,2
C30933,2
C30941,2
C30948,2
C30951,2
C30953,2
C30965,2
C30966,0
C30976,2
C30981,2
C31002,2
C31005,0
C31010,0
C31023,2
C31026,0
C31035,2
C31037,2
C31041,2
C31045,2
C31049,0
C31053,2
C31058,2
C31068,2
C31070,2
C31079,2
C31085,2
C31087,0
C31097,2
C31099,2
C31106,2
C31108,2
C31118,2
C31123,2
C31128,0
C31130,2
C31133,2
C31135,2
C31136,2
C31148,2
C31152,2
C31155,2
C31158,2
C31167,0
C31187,2
C31189,2
C31190,2
C31191,2
C31193,2
C31196,2
C31203,2
C31208,2
C31212,2
C31214,2
C31217,2
C31224,2
C31226,2
C31230,2
C31233,2
C31235,2
C31237,2
C31243,2
C31256,2
C31257,2
C31258,0
C31259,2
C31262,2
C31263,2
C31268,2
C31276,2
C31278,2
C31289,2
C31296,2
C31298,2
C31304,2
C31306,2
C31310,0
C31318,2
C31326,2
C31336,2
C31338,2
C31342,2
C31344,2
C31345,0
C31350,2
C31359,2
C31363,1
C31366,2
C31372,2
C31377,2
C31390,1
C31396,2
C31399,0
C31413,2
C31417,2
C31420,2
C31429,2
C31430,2
C31434,0
C31439,0
C31448,2
C31449,2
C31452,2
C31462,2
C31473,2
C31480,2
C31482,2
C31487,0
C31491,0
C31501,2
C31503,2
C31504,2
C31509,2
C31516,2
C31518,2
C31519,2
C31538,2
C31540,2
C31541,2
C31548,2
C31551,2
C31553,2
C31555,2
C31560,2
C31572,2
C31578,2
C31580,2
C31582,2
C31583,2
C31587,2
C31590,2
C31595,0
C31604,2
C31609,2
C31610,2
C31611,2
C31617,2
C31630,0
C31631,2
C31632,0
C31634,2
C31637,2
C31641,0
C31648,0
C31653,2
C31654,2
C31661,2
C31666,2
C31670,2
C31674,2
C31678,2
C31679,0
C31682,0
C31690,0
C31691,2
C31697,2
C31706,2
C31708,2
C31714,2
C31718,2
C31720,2
C31722,2
C31737,2
C31739,2
C31748,2
C31749,2
C31757,1
C31767,2
C31770,2
C31773,2
C31777,2
C31778,2
C31779,0
C31783,2
C31791,2
C31793,2
C31796,2
C31798,2
C31802,2
C31803,2
C31804,2
C31805,0
C31806,2
C31809,2
C31815,2
C31817,2
C31822,2
C31830,2
C31834,2
C31835,2
C31836,2
C31842,2
C31849,0
C31851,2
C31860,2
C31869,2
C31871,2
C31890,2
C31892,2
C31895,2
C31896,0
C31913,2
C31923,2
C31929,2
C31941,2
C31944,2
C31949,0
C31959,2
C31961,2
C31963,2
C31971,0
C31979,2
C31982,2
C31985,2
C31991,0
C31992,2
C31998,2
C32003,2
C32006,0
C32011,2
C32016,2
C32026,2
C32028,2
C32037,2
C32038,2
C32040,2
C32054,2
C32059,1
C32062,2
C32067,2
C32070,2
C32076,0
C32088,0
C32089,0
C32092,2
C32093,2
C32102,2
C32113,2
C32119,0
C32121,2
C32130,2
C32134,0
C32139,2
C32151,2
C32154,2
C32157,2
C32164,2
C32165,2
C32180,2
C32185,2
C32187,2
C32193,2
C32201,2
C32206,2
C32219,1
C32224,2
C32225,2
C32232,2
C32238,2
C32244,2
C32251,2
C32253,2
C32261,2
C32263,2
C32271,2
C32277,2
C32291,2
C32297,2
C32302,2
C32305,0
C32313,2
C32317,1
C32319,2
C32326,2
C32340,2
C32341,2
C32343,2
C32348,0
C32350,2
C32372,1
C32383,2
C32385,2
C32386,2
C32387,2
C32389,2
C32393,2
C32410,2
C32411,0
C32422,2
C32424,2
C32428,2
C32431,2
C32432,2
C32436,2
C32443,2
C32447,0
C32450,0
C32452,0
C32457,2
C32458,1
C32464,2
C32466,1
C32468,0
C32479,2
C32481,2
C32484,2
C32486,0
C32487,2
C32488,1
C32494,1
C32495,2
C32498,2
C32500,2
C32505,0
C32525,2
C32528,0
C32533,2
C32536,2
C32539,2
C32570,2
C32577,1
C32582,1
C32583,2
C32584,0
C32586,2
C32590,2
C32592,0
C32593,2
C32598,2
C32602,0
C32607,0
C32609,2
C32616,2
C32617,2
C32619,2
C32621,2
C32622,2
C32626,2
C32628,0
C32642,2
C32643,2
C32644,2
C32648,2
C32650,2
C32651,2
C32657,2
C32658,2
C32660,2
C32671,2
C32683,2
C32692,2
C32706,2
C32707,0
C32708,2
C32710,1
C32715,2
C32721,2
C32722,2
C32732,2
C32735,2
C32739,2
C32741,2
C32743,0
C32750,2
C32753,2
C32755,0
C32757,2
C32766,2
C32769,2
C32777,0
C32790,2
C32792,2
C32796,2
C32798,2
C32805,2
C32818,2
C32825,2
C32827,2
C32834,2
C32840,0
C32841,2
C32844,2
C32857,2
C32869,0
C32871,0
C32873,2
C32890,2
C32894,0
C32897,2
C32902,2
C32904,2
C32911,2
C32912,2
C32919,2
C32927,2
C32934,2
C32937,0
C32943,2
C32947,2
C32952,2
C32962,2
C32963,2
C32966,2
C32968,2
C32971,2
C32973,2
C32974,2
C32975,2
C32981,2
C32984,2
C32993,2
C32994,2
C32997,2
C32999,2
C33000,2
C33006,2
C33008,2
C33023,2
C33034,0
C33039,2
C33046,2
C33052,2
C33061,2
C33063,2
C33068,2
C33069,2
C33086,0
C33088,2
C33090,0
C33091,2
C33093,0
C33094,2
C33103,2
C33104,2
C33107,0
C33125,2
C33126,2
C33127,2
C33128,2
C33131,0
C33144,2
C33148,0
C33150,2
C33151,2
C33164,2
C33166,0
C33175,0
C33176,2
C33177,2
C33179,2
C33189,2
C33196,0
C33199,2
C33200,2
C33204,2
C33213,2
C33214,2
C33220,2
C33223,2
C33227,0
C33228,2
C33229,2
C33234,2
C33239,0
C33241,2
C33246,2
C33248,2
C33252,2
C33260,2
C33262,2
C33263,2
C33266,2
C33268,0
C33272,2
C33282,2
C33283,2
C33287,1
C33302,2
C33308,2
C33317,2
C33325,2
C33329,2
C33331,2
C33335,2
C33344,2
C33355,2
C33357,2
C33359,2
C33364,2
C33368,1
C33372,2
C33374,2
C33380,2
C33386,2
C33389,2
C33396,2
C33409,2
C33414,2
C33415,0
C33418,2
C33420,2
C33423,2
C33440,2
C33452,2
C33457,0
C33458,2
C33463,2
C33467,2
C33475,2
C33476,1
C33478,1
C33481,2
C33489,2
C33498,2
C33503,2
C33505,0
C33511,1
C33512,2
C33520,0
C33525,2
C33529,0
C33531,1
C33534,2
C33543,0
C33546,2
C33548,2
C33550,2
C33554,2
C33555,2
C33558,2
C33563,2
C33569,2
C33571,2
C33583,2
C33595,2
C33596,2
C33597,0
C33598,2
C33612,2
C33613,2
C33617,2
C33623,1
C33631,2
C33636,1
C33637,2
C33659,0
C33661,2
C33665,2
C33667,2
C33669,2
C33671,2
C33696,2
C33697,2
C33701,2
C33703,0
C33704,2
C33705,2
C33707,0
C33708,2
C33713,2
C33722,2
C33724,2
C33725,2
C33736,2
C33742,2
C33752,2
C33757,2
C33758,1
C33773,2
C33777,2
C33781,0
C33792,2
C33798,2
C33800,1
C33816,2
C33820,2
C33827,2
C33833,2
C33840,2
C33842,0
C33845,2
C33866,0
C33870,2
C33880,2
C33886,1
C33889,2
C33893,0
C33896,2
C33900,2
C33903,2
C33904,2
C33907,1
C33908,2
C33915,2
C33919,2
C33926,2
C33929,2
C33930,2
C33931,2
C33940,2
C33949,2
C33951,0
C33953,2
C33955,2
C33958,2
C33959,0
C33961,0
C33965,2
C33969,2
C33972,2
C33977,2
C33979,2
C33980,2
C33982,2
C33991,0
C33993,2
C34000,2
C34004,2
C34021,2
C34030,2
C34037,1
C34040,2
C34041,2
C34047,2
C34055,0
C34061,0
C34066,0
C34067,2
C34071,2
C34078,2
C34087,2
C34088,2
C34097,2
C34104,2
C34111,2
C34116,2
C34118,2
C34122,1
C34123,2
C34126,2
C34130,2
C34132,2
C34140,0
C34141,0
C34143,2
C34151,2
C34152,2
C34155,2
C34158,2
C34159,2
C34160,2
C34162,2
C34164,2
C34165,2
C34168,2
C34178,1
C34179,2
C34185,2
C34193,2
C34198,2
C34202,2
C34205,0
C34215,2
C34223,2
C34230,2
C34231,2
C34235,2
C34238,2
C34241,1
C34242,0
C34245,2
C34248,2
C34251,0
C34260,2
C34262,2
C34266,2
C34271,2
C34274,1
C34282,2
C34283,2
C34287,2
C34289,2
C34294,2
C34304,2
C34306,2
C34315,2
C34316,2
C34329,2
C34332,0
C34334,2
C34345,2
C34351,2
C34357,0
C34362,2
C34364,2
C34369,0
C34376,2
C34382,2
C34384,1
C34388,2
C34394,2
C34400,2
C34401,2
C34404,0
C34407,2
C34412,2
C34413,1
C34416,2
C34419,2
C34420,2
C34428,2
C34430,2
C34460,2
C34464,2
C34466,2
C34470,2
C34478,2
C34479,2
C34480,2
C34487,2
C34495,2
C34497,2
C34499,2
C34525,2
C34531,2
C34534,2
C34536,0
C34543,2
C34544,2
C34545,2
C34550,2
C34557,2
C34559,2
C34561,2
C34565,2
C34570,2
C34574,2
C34576,2
C34577,2
C34578,2
C34579,2
C34580,2
C34581,2
C34590,2
C34591,2
C34593,2
C34598,2
C34603,2
C34604,2
C34618,2
C34627,2
C34637,2
C34640,1
C34643,2
C34644,2
C34646,2
C34647,2
C34649,2
C34650,0
C34654,0
C34660,2
C34677,2
C34679,0
C34680,2
C34684,2
C34688,0
C34691,2
C34694,1
C34695,2
C34699,2
C34721,0
C34727,2
C34734,0
C34743,2
C34748,2
C34758,1
C34770,2
C34778,2
C34779,2
C34784,2
C34798,2
C34800,2
C34812,2
C34832,2
C34839,2
C34843,2
C34854,2
C34858,2
C34861,2
C34862,2
C34865,1
C34870,2
C34879,2
C34883,2
C34889,2
C34890,2
C34892,2
C34894,2
C34895,2
C34897,2
C34898,2
C34921,2
C34946,0
C34952,2
C34956,2
C34961,0
C34966,2
C34980,2
C34983,1
C34984,0
C34991,2
C35000,2
C35002,2
C35003,2
C35008,2
C35010,0
C35016,2
C35017,2
C35018,2
C35021,0
C35024,2
C35026,0
C35029,2
C35032,2
C35033,2
C35034,2
C35051,1
C35053,0
C35057,0
C35059,2
C35075,2
C35077,2
C35081,0
C35088,2
C35089,2
C35093,1
C35095,2
C35098,2
C35099,2
C35117,0
C35121,2
C35127,2
C35130,2
C35131,2
C35134,2
C35135,2
C35144,2
C35146,2
C35151,2
C35156,0
C35160,2
C35161,0
C35163,2
C35165,2
C35173,2
C35180,2
C35198,2
C35205,2
C35211,2
C35215,0
C35218,0
C35229,1
C35230,2
C35238,2
C35240,2
C35244,0
C35246,0
C35252,2
C35254,2
C35255,0
C35258,2
C35266,2
C35267,2
C35281,1
C35287,2
C35292,2
C35298,2
C35302,2
C35303,2
C35309,2
C35327,2
C35341,2
C35346,2
C35347,2
C35348,0
C35357,2
C35358,2
C35359,2
C35366,0
C35369,0
C35371,0
C35380,0
C35386,2
C35388,2
C35398,2
C35399,2
C35402,2
C35407,2
C35409,2
C35414,2
C35415,2
C35418,0
C35421,2
C35424,2
C35425,2
C35427,2
C35428,0
C35432,0
C35437,0
C35446,2
C35457,2
C35464,2
C35469,2
C35476,2
C35480,2
C35481,2
C35488,2
C35490,0
C35492,2
C35493,2
C35498,2
C35507,2
C35521,2
C35527,0
C35531,2
C35546,2
C35547,2
C35560,2
C35573,2
C35579,2
C35595,0
C35596,2
C35615,0
C35617,2
C35630,2
C35633,2
C35653,2
C35655,1
C35661,2
C35665,2
C35668,2
C35672,0
C35681,2
C35695,0
C35700,2
C35702,2
C35706,0
C35717,2
C35721,2
C35726,2
C35729,0
C35731,2
C35741,0
C35746,2
C35748,2
C35753,2
C35764,2
C35768,2
C35771,0
C35773,2
C35778,2
C35782,2
C35784,2
C35786,2
C35799,2
C35802,2
C35806,2
C35816,0
C35817,2
C35820,2
C35824,2
C35840,2
C35843,2
C35851,2
C35856,0
C35859,2
C35875,2
C35878,2
C35896,2
C35897,0
C35903,2
C35905,0
C35906,2
C35909,2
C35910,2
C35919,2
C35929,2
C35935,2
C35938,1
C35940,2
C35942,2
C35944,2
C35945,2
C35946,2
C35955,2
C35966,2
C35970,2
C35971,2
C35977,1
C35979,0
C35980,2
C35983,0
C35987,2
C36002,2
C36004,2
C36012,2
C36013,2
C36018,2
C36032,2
C36035,2
C36037,2
C36042,2
C36057,2
C36062,2
C36068,2
C36078,2
C36089,2
C36100,2
C36104,2
C36108,2
C36118,2
C36126,2
C36133,0
C36138,2
C36139,2
C36147,2
C36148,2
C36154,2
C36156,0
C36163,2
C36167,2
C36175,2
C36176,2
C36185,2
C36188,2
C36191,0
C36192,0
C36194,2
C36201,2
C36210,2
C36228,2
C36239,0
C36242,2
C36249,2
C36250,2
C36255,0
C36256,0
C36266,2
C36268,2
C36269,2
C36270,2
C36273,2
C36277,2
C36282,2
C36288,2
C36291,2
C36296,2
C36297,2
C36298,2
C36301,2
C36305,2
C36306,2
C36308,2
C36309,2
C36310,2
C36317,2
C36332,2
C36343,2
C36347,2
C36355,2
C36361,2
C36365,2
C36367,2
C36368,2
C36369,2
C36372,1
C36373,2
C36378,2
C36394,0
C36398,2
C36403,2
C36412,2
C36414,2
C36425,2
C36433,2
C36444,2
C36448,2
C36449,2
C36450,0
C36462,2
C36469,2
C36470,2
C36473,0
C36479,2
C36484,2
C36485,2
C36491,2
C36492,2
C36493,2
C36495,2
C36507,0
C36509,2
C36511,1
C36512,1
C36522,2
C36528,2
C36530,2
C36531,2
C36536,2
C36538,2
C36542,2
C36544,2
C36546,2
C36548,2
C36549,2
C36556,2
C36557,0
C36561,0
C36563,2
C36577,2
C36578,2
C36582,2
C36585,2
C36591,2
C36594,0
C36596,2
C36603,2
C36604,2
C36615,2
C36619,2
C36627,2
C36633,0
C36637,2
C36638,2
C36643,2
C36653,2
C36661,2
C36668,2
C36669,2
C36682,2
C36686,2
C36690,2
C36693,2
C36694,2
C36696,2
C36720,2
C36733,2
C36735,2
C36736,2
C36738,2
C36741,2
C36756,2
C36768,2
C36786,0
C36791,2
C36799,2
C36801,0
C36804,2
C36806,2
C36810,2
C36820,2
C36828,2
C36829,2
C36830,2
C36834,2
C36838,1
C36840,2
C36845,2
C36846,2
C36848,2
C36852,2
C36855,2
C36858,2
C36861,2
C36862,2
C36865,2
C36870,2
C36880,2
C36885,0
C36891,0
C36904,2
C36911,0
C36914,0
C36916,2
C36923,0
C36925,2
C36930,2
C36936,2
C36950,2
C36954,2
C36962,2
C36968,2
C36975,2
C36985,0
C36989,2
C36996,2
C37002,2
C37005,2
C37006,0
C37011,2
C37015,2
C37016,0
C37023,0
C37027,2
C37032,2
C37037,2
C37052,2
C37058,2
C37062,0
C37067,2
C37069,2
C37070,2
C37075,2
C37078,2
C37090,2
C37093,2
C37100,2
C37107,0
C37110,2
C37112,2
C37129,2
C37133,2
C37134,2
C37136,2
C37143,2
C37157,2
C37166,2
C37176,2
C37180,2
C37182,2
C37185,2
C37186,2
C37191,2
C37196,2
C37198,2
C37199,2
C37207,2
C37210,2
C37216,0
C37220,2
C37226,2
C37232,2
C37236,2
C37237,2
C37239,2
C37241,2
C37246,2
C37250,2
C37267,2
C37268,0
C37272,2
C37275,2
C37278,2
C37279,0
C37282,1
C37290,2
C37291,2
C37308,2
C37331,2
C37336,0
C37347,2
C37348,2
C37354,2
C37364,2
C37376,2
C37377,2
C37381,0
C37393,2
C37404,2
C37408,2
C37410,2
C37422,2
C37432,2
C37433,2
C37434,2
C37445,2
C37455,2
C37464,2
C37467,2
C37468,2
C37478,2
C37487,2
C37492,2
C37505,2
C37506,0
C37516,2
C37535,2
C37538,2
C37540,2
C37544,2
C37548,2
C37549,2
C37550,2
C37555,1
C37556,0
C37557,2
C37564,2
C37566,2
C37584,2
C37589,2
C37590,2
C37598,2
C37600,2
C37602,2
C37605,2
C37609,2
C37611,2
C37616,2
C37625,2
C37627,2
C37636,2
C37640,2
C37644,2
C37649,2
C37658,2
C37661,2
C37663,2
C37664,2
C37666,1
C37667,2
C37670,2
C37678,0
C37680,2
C37684,2
C37692,2
C37693,2
C37699,2
C37701,2
C37705,2
C37710,0
C37713,1
C37714,2
C37721,2
C37722,2
C37724,0
C37740,2
C37742,2
C37743,2
C37746,2
C37751,2
C37752,2
C37754,2
C37755,2
C37756,2
C37757,2
C37763,2
C37765,2
C37768,2
C37770,2
C37774,0
C37777,2
C37778,2
C37779,2
C37788,2
C37798,2
C37813,2
C37817,0
C37820,2
C37825,2
C37830,2
C37833,2
C37846,0
C37849,2
C37851,2
C37852,2
C37866,2
C37867,2
C37870,0
C37871,2
C37893,2
C37896,0
C37898,0
C37913,0
C37918,2
C37921,2
C37922,2
C37923,2
C37929,2
C37930,2
C37956,2
C37958,2
C37961,2
C37963,2
C37965,2
C37967,2
C37972,2
C37974,2
C37978,2
C37981,2
C37991,2
C37993,2
C38000,2
C38002,2
C38016,2
C38017,0
C38024,2
C38031,2
C38033,2
C38035,2
C38036,2
C38046,2
C38050,2
C38057,2
C38064,2
C38068,2
C38072,2
C38074,2
C38087,2
C38088,2
C38091,2
C38096,0
C38102,2
C38117,2
C38137,2
C38146,2
C38147,2
C38150,2
C38152,2
C38155,0
C38161,0
C38173,0
C38187,2
C38192,2
C38194,2
C38198,0
C38200,2
C38201,2
C38203,2
C38210,2
C38211,2
C38212,2
C38216,2
C38222,2
C38224,2
C38226,0
C38229,2
C38230,2
C38232,2
C38240,2
C38241,2
C38242,2
C38244,2
C38247,0
C38257,2
C38263,2
C38264,2
C38269,2
C38274,2
C38275,2
C38276,0
C38277,2
C38284,2
C38292,2
C38299,0
C38300,2
C38312,2
C38315,2
C38319,2
C38322,2
C38324,2
C38327,2
C38329,2
C38340,2
C38343,0
C38347,2
C38348,2
C38353,2
C38363,2
C38365,2
C38366,2
C38374,0
C38384,2
C38387,2
C38392,2
C38395,2
C38397,2
C38403,1
C38410,2
C38415,2
C38426,2
C38429,2
C38440,2
C38449,2
C38455,2
C38460,0
C38472,0
C38492,2
C38498,2
C38512,2
C38516,2
C38519,2
C38521,2
C38525,2
C38530,2
C38533,2
C38535,0
C38537,2
C38538,0
C38539,2
C38542,2
C38552,0
C38554,0
C38559,2
C38568,2
C38574,2
C38578,2
C38580,2
C38582,1
C38589,2
C38595,2
C38598,1
C38607,2
C38627,2
C38633,2
C38643,2
C38647,2
C38649,2
C38651,2
C38657,2
C38658,2
C38663,2
C38675,2
C38678,2
C38680,2
C38685,0
C38689,1
C38691,0
C38697,2
C38702,2
C38706,2
C38710,2
C38716,2
C38721,2
C38727,1
C38728,2
C38731,2
C38737,2
C38738,0
C38739,2
C38741,2
C38743,2
C38748,1
C38765,2
C38766,2
C38770,1
C38772,2
C38778,2
C38793,2
C38797,0
C38798,2
C38801,2
C38803,2
C38809,2
C38811,1
C38829,2
C38833,2
C38844,2
C38845,2
C38848,2
C38852,0
C38857,2
C38861,2
C38863,2
C38867,2
C38868,2
C38872,2
C38875,2
C38880,0
C38888,2
C38891,0
C38895,2
C38904,2
C38905,2
C38912,2
C38921,0
C38922,0
C38928,2
C38933,0
C38937,2
C38945,0
C38947,2
C38959,2
C38969,2
C38971,2
C38976,2
C38979,2
C38981,0
C38984,1
C38991,2
C38999,2
C39004,2
C39005,2
C39012,2
C39013,2
C39015,2
C39016,2
C39020,2
C39023,0
C39031,2
C39034,2
C39044,2
C39051,0
C39058,2
C39059,2
C39067,0
C39070,0
C39073,0
C39074,0
C39076,2
C39081,2
C39085,2
C39092,2
C39093,2
C39097,2
C39103,2
C39104,2
C39106,2
C39110,2
C39114,2
C39117,2
C39128,2
C39131,0
C39133,2
C39136,2
C39144,2
C39149,2
C39153,0
C39155,2
C39164,2
C39169,2
C39181,2
C39189,2
C39195,2
C39196,2
C39198,2
C39199,2
C39206,0
C39209,2
C39211,2
C39224,2
C39229,2
C39236,2
C39238,2
C39247,2
C39248,2
C39250,1
C39251,2
C39269,2
C39270,2
C39275,2
C39278,2
C39279,2
C39280,2
C39284,0
C39291,0
C39297,2
C39298,2
C39300,2
C39301,2
C39306,2
C39309,2
C39315,2
C39320,2
C39325,0
C39330,2
C39332,2
C39333,2
C39334,2
C39338,2
C39339,2
C39346,2
C39351,0
C39354,2
C39357,2
C39366,2
C39381,2
C39397,2
C39410,2
C39415,2
C39416,2
C39420,1
C39425,2
C39436,1
C39440,0
C39441,2
C39445,2
C39447,2
C39449,2
C39450,2
C39453,2
C39456,2
C39459,2
C39461,2
C39470,2
C39475,2
C39476,2
C39481,0
C39490,0
C39499,2
C39504,2
C39509,2
C39519,2
C39527,2
C39529,2
C39536,2
C39547,2
C39548,2
C39550,2
C39554,2
C39563,2
C39566,2
C39567,2
C39569,2
C39582,2
C39583,2
C39584,2
C39608,2
C39611,2
C39620,2
C39622,2
C39627,2
C39632,2
C39635,2
C39643,2
C39651,2
C39653,2
C39661,0
C39664,2
C39673,2
C39674,2
C39676,0
C39681,2
C39682,2
C39688,2
C39689,2
C39691,2
C39692,2
C39694,2
C39695,0
C39702,2
C39705,2
C39709,2
C39714,2
C39716,2
C39721,2
C39731,2
C39732,1
C39737,2
C39741,0
C39751,2
C39753,0
C39759,2
C39763,2
C39770,2
C39773,2
C39785,2
C39787,2
C39788,0
C39792,0
C39796,2
C39803,2
C39806,0
C39811,2
C39812,0
C39825,2
C39827,2
C39828,2
C39838,2
C39846,2
C39848,2
C39858,2
C39859,2
C39862,2
C39865,2
C39868,2
C39876,2
C39886,2
C39889,0
C39891,2
C39892,2
C39893,2
C39897,2
C39905,2
C39907,2
C39910,2
C39915,2
C39917,2
C39919,2
C39934,2
C39947,1
C39956,2
C39958,0
C39959,2
C39961,0
C39962,1
C39964,0
C39967,2
C39969,2
C39973,2
C39974,2
C39979,2
C39982,2
C39983,2
C39989,2
C39991,0
C39992,0
C39994,2
C40001,2
C40005,2
C40009,2
C40013,0
C40016,0
C40017,2
C40025,0
C40032,2
C40033,2
C40036,2
C40044,2
C40050,2
C40065,0
C40072,2
C40077,2
C40079,2
C40080,0
C40082,2
C40086,2
C40087,2
C40090,2
C40117,2
C40118,2
C40129,2
C40136,2
C40143,2
C40146,0
C40150,2
C40153,2
C40154,2
C40157,1
C40165,2
C40171,2
C40176,2
C40177,0
C40178,2
C40181,2
C40188,2
C40192,2
C40193,2
C40195,2
C40196,2
C40213,2
C40218,2
C40222,2
C40228,2
C40236,0
C40239,2
C40241,2
C40245,2
C40247,2
C40255,2
C40262,2
C40268,2
C40269,2
C40270,2
C40272,2
C40280,0
C40284,2
C40289,2
C40303,0
C40311,2
C40317,2
C40324,2
C40328,2
C40332,2
C40337,2
C40339,0
C40340,2
C40343,2
C40345,0
C40350,2
C40355,2
C40357,2
C40371,0
C40379,2
C40380,2
C40381,2
C40383,2
C40390,2
C40402,2
C40403,2
C40405,2
C40418,1
C40421,0
C40424,0
C40429,0
C40431,2
C40432,2
C40433,2
C40437,0
C40453,1
C40454,2
C40457,2
C40466,2
C40473,2
C40479,0
C40486,1
C40494,2
C40502,1
C40503,1
C40509,2
C40513,2
C40514,2
C40517,2
C40518,2
C40520,0
C40524,2
C40525,2
C40533,2
C40537,2
C40545,0
C40549,2
C40550,2
C40557,0
C40561,2
C40563,1
C40564,2
C40572,2
C40579,2
C40584,0
C40589,2
C40603,2
C40610,2
C40616,2
C40617,2
C40619,2
C40628,2
C40639,1
C40650,2
C40655,2
C40662,0
C40671,1
C40675,2
C40677,2
C40687,2
C40688,2
C40689,2
C40693,2
C40705,2
C40708,2
C40715,2
C40720,2
C40722,0
C40725,2
C40727,2
C40728,2
C40736,2
C40740,0
C40749,2
C40763,2
C40765,2
C40766,1
C40775,2
C40781,0
C40802,0
C40808,2
C40810,2
C40811,2
C40812,2
C40816,2
C40822,2
C40827,0
C40828,2
C40833,2
C40837,0
C40853,2
C40856,2
C40858,1
C40862,2
C40865,2
C40870,2
C40872,2
C40875,2
C40878,2
C40880,0
C40885,2
C40886,2
C40888,2
C40898,2
C40900,0
C40906,0
C40910,2
C40911,2
C40914,2
C40919,2
C40920,0
C40922,0
C40933,2
C40934,2
C40942,0
C40951,2
C40958,2
C40962,2
C40963,2
C40965,2
C40969,2
C40974,2
C40982,2
C40983,2
C40987,2
C41000,2
C41003,0
C41004,2
C41007,2
C41012,2
C41013,2
C41022,2
C41039,2
C41040,2
C41042,0
C41049,2
C41054,2
C41067,2
C41071,2
C41072,2
C41078,2
C41080,2
C41087,2
C41095,2
C41110,2
C41112,0
C41114,2
C41117,0
C41118,2
C41126,2
C41127,0
C41139,2
C41154,2
C41155,2
C41164,2
C41170,2
C41172,2
C41175,2
C41176,2
C41177,2
C41179,2
C41181,2
C41186,2
C41195,2
C41196,0
C41198,2
C41200,2
C41205,2
C41213,2
C41214,2
C41219,1
C41220,1
C41227,2
C41247,2
C41257,2
C41261,2
C41264,2
C41267,2
C41269,1
C41272,2
C41274,2
C41280,2
C41285,2
C41291,2
C41293,2
C41296,2
C41321,2
C41324,2
C41330,0
C41331,2
C41333,2
C41335,2
C41352,2
C41368,2
C41371,0
C41372,2
C41382,2
C41388,2
C41389,2
C41391,2
C41404,0
C41414,2
C41422,2
C41423,2
C41424,2
C41431,2
C41434,1
C41436,2
C41443,2
C41449,2
C41459,2
C41460,2
C41462,0
C41465,2
C41473,2
C41476,2
C41480,2
C41483,2
C41492,2
C41499,2
C41504,2
C41507,2
C41519,2
C41530,2
C41532,2
C41544,2
C41552,2
C41555,2
C41556,2
C41559,2
C41563,2
C41566,2
C41567,0
C41574,1
C41575,2
C41583,2
C41588,2
C41592,2
C41597,2
C41599,2
C41600,2
C41605,2
C41613,2
C41624,2
C41628,2
C41633,2
C41640,2
C41641,2
C41644,2
C41648,2
C41656,2
C41667,2
C41679,2
C41681,1
C41692,2
C41699,2
C41700,2
C41704,0
C41711,2
C41713,2
C41727,2
C41729,2
C41732,2
C41738,2
C41748,2
C41757,2
C41764,2
C41765,2
C41773,2
C41780,2
C41781,2
C41785,2
C41789,0
C41800,0
C41802,2
C41807,2
C41810,2
C41813,2
C41815,2
C41820,2
C41822,0
C41827,2
C41835,2
C41836,2
C41846,2
C41848,2
C41851,2
C41860,2
C41864,2
C41866,2
C41868,2
C41869,2
C41874,2
C41882,2
C41887,2
C41889,2
C41893,2
C41903,2
C41910,0
C41911,0
C41913,2
C41922,2
C41931,2
C41941,2
C41942,2
C41943,2
C41944,2
C41958,2
C41961,2
C41962,2
C41966,2
C41970,0
C41971,2
C41983,2
C42001,2
C42016,2
C42017,2
C42019,2
C42022,2
C42023,2
C42025,2
C42036,2
C42041,2
C42043,2
C42046,2
C42053,2
C42059,2
C42064,2
C42074,2
C42084,1
C42089,2
C42090,1
C42094,2
C42097,2
C42098,2
C42104,0
C42108,2
C42114,0
C42115,2
C42122,1
C42125,2
C42127,2
C42131,2
C42133,2
C42138,2
C42146,0
C42147,2
C42148,2
C42151,2
C42153,1
C42155,2
C42157,2
C42167,2
C42190,2
